<Subscription xmlns="http://schemas.microsoft.com/2006/03/windows/events/subscription">
	<SubscriptionId>Autoruns</SubscriptionId>
	<SubscriptionType>SourceInitiated</SubscriptionType>
	<Description>Events collected from the AutorunsToWEF Script</Description>
	<Enabled>true</Enabled>
	<Uri>http://schemas.microsoft.com/wbem/wsman/1/windows/EventLog</Uri>
	<!-- Use Normal (default), Custom, MinLatency, MinBandwidth -->
	<ConfigurationMode>Custom</ConfigurationMode>
	<Delivery Mode="Push">
		<Batching>
			<MaxItems>5</MaxItems>
			<MaxLatencyTime>900000</MaxLatencyTime>
		</Batching>
		<PushSettings>
			<Heartbeat Interval="1800000"/>
		</PushSettings>
	</Delivery>
	<Query><![CDATA[
		<QueryList>
  			<Query Id="0" Path="Autoruns">
          <!-- All Autoruns Events -->
    			<Select Path="Autoruns">*</Select>
  			</Query>
		</QueryList>]]></Query>
	<ReadExistingEvents>true</ReadExistingEvents>
	<TransportName>http</TransportName>
	<ContentFormat>RenderedText</ContentFormat>
	<Locale Language="en-US"/>
	<LogFile>WEC5-Autoruns</LogFile>
	<AllowedSourceNonDomainComputers/>
	<AllowedSourceDomainComputers>O:NSG:BAD:P(A;;GA;;;S-1-5-21-2099590610-328841986-2664697228-515)(A;;GA;;;S-1-5-21-2099590610-328841986-2664697228-516)S:</AllowedSourceDomainComputers>
</Subscription>
